reference_question,reference_answer,llm_answer,llm_context,answer_similarity
What key components are necessary to create a technology hub according to Paul Graham?,The key components to create a technology hub are rich people and nerds.,"According to Paul Graham, the key components necessary to create a technology hub include:

1. **Presence of a First-Rate Research University**: A top-tier research university acts as a source of new ideas, innovations, and talent, which are crucial for the development of startups.

2. **Attractiveness to Wealthy Individuals**: The location should be appealing enough for rich people to want to live there. This is important because these individuals often act as investors for startups.

3. **Combination of Founders and Investors**: A successful startup hub needs both founders (to create startups) and investors (to fund them). This combination is critical for the ecosystem to thrive.

4. **Self-Sustaining Chain Reaction**: Once a critical mass of startups and investors is reached, it creates a self-sustaining environment. Founders move to the hub to be among their peers, and investors follow because that's where the opportunities are.

5. **Government Incentives**: Although not explicitly listed as a requirement, Paul Graham suggests that paying startups to move to a certain location could serve as a potential shortcut to creating a startup hub. This could help in achieving the critical mass necessary for a self-sustaining ecosystem.

These components are derived from Graham's analysis of what made Silicon Valley successful and his thoughts on how to replicate its success elsewhere.",[],4.0
"What is the influence of geography on where great cities historically developed, and how has that changed in modern times?","Historically, great cities developed on waterways for economical trade, but in modern times, a great city can be established anywhere if it attracts the right people.","Historically, geography played a crucial role in the development of great cities. The significance of geography is highlighted by the fact that all great cities were located on waterways. This was primarily because cities generated income through trade, and water provided the most economical means for shipping goods. The reliance on waterways for trade underscores the importance of geographical features in the economic and strategic development of cities in the past.

In modern times, however, the influence of geography on the development of great cities has seen a striking departure from the past. The assertion that ""if you could get the right ten thousand people to move from Silicon Valley to Buffalo, Buffalo would become Silicon Valley"" illustrates a fundamental change in the dynamics of city development. This change suggests that the creation of a great city is no longer bound by its geographical location but rather by the people who inhabit it. The emphasis has shifted towards the human capital—specifically, the presence of ""rich people and nerds,"" who are seen as the limiting reagents in the reaction that produces startups. This shift indicates that with the right concentration of talent and innovation, a great city can emerge anywhere, regardless of its geographical attributes. This evolution reflects a broader trend in which technology and human capital have become more significant determinants of a city's success than traditional geographical advantages.",[],5.0
How are people classified according to their degree and aggressiveness of conformism?,"People are classified into four types based on their degree and aggressiveness of conformism: aggressively conventional-minded, passively conventional-minded, passively independent-minded, and aggressively independent-minded.","People are classified according to their degree and aggressiveness of conformism using a Cartesian coordinate system with two dimensions:

1. **Horizontal Axis (Degree of Conformism):**
   - **Left:** Conventional-minded
   - **Right:** Independent-minded

2. **Vertical Axis (Aggressiveness):**
   - **Bottom:** Passive
   - **Top:** Aggressive

This system results in four quadrants defining four types of people:

- **Upper Left Quadrant:** Aggressively Conventional-minded
  - These individuals enforce orthodoxy and are often the first to complain when something violates the current rules of propriety. They can become problematic when a large number align behind an ideology, creating a mob dynamic.

- **Lower Left Quadrant:** Passively Conventional-minded
  - This group is the largest. They are careful to obey the rules but do not actively ensure others are punished for breaking them. They are more concerned about the potential punishment of rule-breakers rather than ensuring it.

- **Lower Right Quadrant:** Passively Independent-minded
  - These individuals do not care much about rules and may not be fully aware of what the rules are. They are described as dreamy and less concerned with conforming to societal norms.

- **Upper Right Quadrant:** Aggressively Independent-minded
  - The smallest group, these people question rules and are inclined to do the opposite of what they are told. They are characterized by a strong sense of individualism and resistance to conformity.

The classification suggests that the quadrant a person falls into depends more on their personality than the beliefs prevalent in their society or the nature of the rules. This implies that most people would occupy the same quadrant even if they grew up in a different society.",[],5.0
What is the main danger of restricting the discussion of certain ideas?,"Restricting the discussion of certain ideas is dangerous because it not only affects the topics targeted by the restrictions but also propagates back into any topic that yields implications in the forbidden areas, potentially stifling innovation and free thought.","The main danger of restricting the discussion of certain ideas, as outlined in the context, includes several interconnected issues:

1. **Propagation of Restrictions**: Restricting the discussion of some topics doesn't only affect those topics. The restrictions propagate back into any topic that yields implications in the forbidden ones, affecting a broader range of discussions than initially intended.

2. **Impact on Innovation and Discovery**: The best ideas often come from the exploration of topics at the edges of conventional thinking. By limiting the discussion of certain ideas, there's a risk of stifling innovation and preventing the discovery of valuable insights that could emerge from more open inquiry.

3. **Mistakes in Banning Process**: Any process for deciding which ideas to ban is bound to make mistakes, primarily because it's a task that no one intelligent wants to undertake, leading to it being done by less capable individuals. This increases the likelihood of erroneously banning ideas that should be explored.

4. **Race to the Bottom**: There's a competitive aspect among enforcers of orthodoxy to appear more morally pure, leading to a race to the bottom where any idea that seems at all bannable ends up being banned. This creates an environment where the margin for error is eliminated, and even potentially valuable ideas are suppressed.

5. **Playing a Subdued Game**: Having ideas in a world where some are banned is likened to playing soccer on a pitch with a minefield in one corner. It results in a much more subdued game even on the ground that's considered safe, limiting the full exploration and expression of ideas.

6. **Weakening of Customs Protecting Free Inquiry**: The weakening of customs that protect free inquiry leads to a society where the conventional-minded have the upper hand, stifling the independent-minded and potentially hindering societal progress.

These dangers highlight the complex and far-reaching consequences of restricting the discussion of certain ideas, emphasizing the importance of maintaining open and free inquiry for the advancement of knowledge and society.",[],5.0
What was the long-term goal of Airbnb as explained to potential investors?,"Airbnb's long-term goal was to become the market in accommodation, similar to how eBay is for stuff.","The long-term goal of Airbnb, as explained to potential investors, was to become the market leader in accommodation, similar to how eBay is the market leader in stuff. This ambition was communicated with the idea that Airbnb could eventually encompass not just private rentals but also potentially expand into the hotel market, starting with smaller establishments and broadening its reach from there. This vision suggested a significant scaling opportunity, aiming to transform and dominate the accommodation sector by offering a unique and comprehensive marketplace for various types of lodging.",[],4.0
"In the early days, how were the Airbnb founders financing their startup?",The Airbnb founders initially funded themselves by selling breakfast cereal.,"In the early days, the Airbnb founders were financing their startup through a creative and unconventional method. They funded themselves by making and selling Obama- and McCain-themed breakfast cereal. This initiative was not only a testament to their resourcefulness and determination but also played a significant role in demonstrating their qualities as founders, which ultimately influenced the decision to fund them. This approach showed they were capable of working together effectively and were not solely motivated by money or the allure of startups being cool.",[],5.0
What is the outcome of American companies letting focus groups design their cars?,"American cars continue to lose market share because the customer does not truly want what they think they want, and focus groups fail to capture the essence of good design that sophisticated buyers seek.","American companies letting focus groups design their cars result in short-term wins but ultimately lead to a loss in market share. This approach fails because it does not align with what customers truly desire, which is to imitate sophisticated buyers who value good design over features suggested by focus groups. Over time, this misalignment causes American cars to continue losing market share, as the focus on marketing-driven design does not satisfy the deeper, often unarticulated preferences of consumers for well-designed products.",[],4.0
Why are software and movies successful in the United States despite the just do it approach?,"Software and movies are malleable mediums that benefit from boldness and the ability to quickly adapt during creation, which aligns well with the American ethos of speed and innovation.","Software and movies are successful in the United States despite the ""just do it"" approach due to several key factors:

1. **Malleable Mediums**: Both software and movies are malleable mediums, which means they can be easily changed, updated, and adapted. This flexibility allows for rapid innovation and creativity, aligning well with the ""just do it"" mentality of moving quickly and iterating.

2. **Designer Control**: In these industries, the designers, or in the case of movies, the directors, have significant control over the final product. This is particularly true in software companies, which are often run by programmers, and in the film industry, where directors have substantial influence over what appears on the screen. This control ensures that the final products are aligned with the vision and standards of those who understand the medium best.

3. **Emphasis on Design and Quality**: Despite the fast-paced approach, there is a strong emphasis on design and quality in both the software and movie industries. American software and movies, similar to Japanese cars, are successful because the people in charge care deeply about design. This focus on quality ensures that products not only meet but often exceed consumer expectations.

4. **Cultural Acceptance of Speed Over Perfection**: The American culture's acceptance of speed and efficiency over perfection allows these industries to thrive. The willingness to release products quickly, even if they are not perfect, enables companies to innovate faster and capture market opportunities more effectively than if they were overly cautious.

5. **Power of the Creative Individuals**: The success of these industries also highlights the power of creative individuals who are able to push boundaries and innovate. The ""just do it"" approach empowers these individuals to act on their ideas without being hindered by excessive deliberation or fear of failure.

In summary, the success of software and movies in the United States, despite the ""just do it"" approach, is attributed to the flexibility of the mediums, control by designers and directors, emphasis on design and quality, cultural acceptance of speed, and the empowerment of creative individuals. These factors combine to create a dynamic environment where innovation and creativity flourish.",[],5.0
What often happens to startups that turn down acquisition offers?,"Startups that turn down acquisition offers usually end up doing better, often receiving a bigger offer later or going for an IPO.","Startups that turn down acquisition offers often end up doing better. This is not always the case, but usually, there's a bigger offer coming, or perhaps even an Initial Public Offering (IPO). The reason startups do better after turning down acquisition offers is not necessarily that all such offers undervalue startups. More likely, it is because the kind of founders who have the courage to turn down a big offer also tend to be very successful. This spirit is exactly what is desired in a startup. For example, Google and Facebook remained independent because acquirers underestimated them. Turning down reasonable offers is the most reliable test for whether a startup will make it big, as corporate M&A consistently loses the best deals due to this.",[],5.0
Why do venture capitalists tend to be conservative when investing in startups?,"Venture capitalists are often conservative because the large size of their investments makes them cautious, they are investing other people's money which heightens their fear of making risky decisions, and many are not technical experts, so they don't fully understand the innovations behind the startups they invest in.","Venture capitalists (VCs) tend to be conservative when investing in startups for several reasons:

1. **Size of Investments**: The large size of their investments makes them naturally conservative. They're often dealing with millions of dollars, which increases the stakes of each investment decision.

2. **Investing Other People's Money**: VCs are typically investing funds from other sources, such as pension funds or wealthy individuals. The responsibility of managing someone else's money adds pressure to avoid risky ventures that might not succeed.

3. **Lack of Technical Understanding**: Many VCs come from financial rather than technical backgrounds. This can make it challenging for them to fully understand the potential of highly technical or innovative startups, leading to a preference for less risky investments.

4. **Fear of Looking Bad**: VCs are often more worried about making investments that might look bad in hindsight than they are about missing out on potentially high-reward opportunities. For example, investing in very young founders or unproven technologies might seem too risky, as failure could lead to criticism from their peers or investors.

5. **Consensus-Driven Decisions**: The decision-making process in many VC firms relies on consensus, not just within the firm but also within the broader VC community. This can lead to a herd mentality, where VCs are reluctant to invest in something unless it's already received approval from their peers.

These factors combine to create a conservative approach to investing in startups, where VCs often miss out on the most innovative and potentially rewarding opportunities due to their aversion to risk.",[],5.0
What is the fundamental reason there aren't more companies like Google?,"The fundamental reason there aren't more companies like Google is that the most innovative startups are undervalued by those with the funds, leading to a lack of sufficient early investment.","The fundamental reason there aren't more companies like Google, as discussed in the essays, isn't explicitly stated in a single, clear-cut explanation. However, several factors contributing to the rarity of companies achieving Google's level of success and impact can be inferred from the context:

1. **Startups Getting Bought Early**: Many startups are acquired before they have the chance to significantly change the world or grow to Google's size. This early acquisition prevents them from realizing their full potential independently.

2. **Underestimation of Uncertainty and Risk**: There's a common underestimation of how uncertain and risky the early stages of a startup can be. Google, like any other startup, faced significant risks and uncertainties in its early days. The success of startups often hinges on navigating these early challenges effectively, which not all companies manage to do.

3. **The Importance of Turning Down Acquisition Offers**: Startups that turn down acquisition offers often end up doing better in the long run. This suggests that the determination to remain independent and the vision to see beyond immediate financial gain are crucial factors in achieving significant success. Google and Facebook, for example, both turned down early acquisition offers.

4. **Market Timing and Innovation**: Google entered the search engine market when it seemed mature and dominated by established players. However, their ability to innovate and offer a superior product allowed them to overtake these incumbents. This indicates that timing, coupled with significant innovation, plays a critical role in a startup's ability to become a giant.

5. **Advertising and Branding Strategy**: Google's strategy of focusing on improving their product rather than spending heavily on brand advertising is highlighted as a lesson for future startups. This approach suggests that substantial investment in product development over marketing can contribute to long-term success.

In summary, while the essays do not pinpoint a single reason for the scarcity of companies like Google, they highlight several factors, including the challenges of early-stage startups, the strategic decisions regarding acquisitions, the importance of innovation and product development, and the ability to navigate market dynamics effectively.",[],2.0
Why do some people believe that wealth should be distributed equally?,"Some people believe that wealth should be distributed equally because, as children, they see wealth as something given and thus feel it should be shared out similarly, rather than created and potentially created unequally.","Some people believe that wealth should be distributed equally due to a combination of factors rooted in early misconceptions and societal observations:

1. **Childhood Misunderstanding of Wealth**: From a young age, many individuals misunderstand wealth, confusing it with money and believing it to be a fixed quantity that needs to be distributed by authorities, rather than something that can be created. This misunderstanding is often reinforced by the way wealth is encountered in childhood, where it seems to flow from parents or guardians and is distributed rather than created.

2. **Observation in Family Dynamics**: In most families, wealth or resources are distributed equally among children to ensure fairness. This practice can instill a belief from a young age that fairness equates to equal distribution, leading to the expectation that such a model should apply to society at large.

3. **The Pie Fallacy**: Many people grow up with the misconception that the economy is like a pie with a fixed size, where if one person gets a larger share, it leaves less for others. This fallacy supports the belief that wealth should be distributed equally to ensure no one is left with too little.

4. **Equating Wealth with Money**: A common mistake is to equate wealth directly with money, not recognizing that wealth encompasses goods and services that people create. This confusion can lead to the belief that redistributing money equates to redistributing wealth equally.

5. **Social Justice and Fairness**: The belief in equal distribution of wealth is also driven by ideals of social justice and fairness, where individuals feel that everyone should have an equal starting point or access to resources, regardless of their background or abilities.

These factors combined contribute to the belief that wealth should be distributed equally, despite economic principles that suggest wealth is something that can be created and is not a fixed quantity.",[],5.0
How does the creation of wealth differ from the accumulation of wealth through corrupt means historically?,"Historically, wealth accumulation often occurred through appropriation, whereas the creation of wealth became prominent with the rise of the middle class and the Industrial Revolution, where wealth was generated.","The creation of wealth historically differs significantly from the accumulation of wealth through corrupt means in several key aspects:

1. **Definition and Nature**:
   - **Creation of Wealth**: Involves generating value through the production of goods, services, or innovations that people want or need. It is an active process that contributes to the economy by creating something new or improving on existing products or services.
   - **Accumulation through Corruption**: Refers to gaining wealth by exploiting power, engaging in bribery, embezzlement, or other unethical or illegal activities. This method does not contribute to the economy in a positive way and often involves taking wealth from others without providing any real value in return.

2. **Historical Context**:
   - **Before the Industrial Revolution**: Wealth accumulation through corruption was common and often seen as the best way to get rich. Government office was a recognized route to wealth, similar to conditions in some parts of the third world today. The great fortunes of the time derived more from what would now be called corruption than from commerce.
   - **Post-Industrial Revolution**: The creation of wealth through commerce and industry became more prominent. Technology and industrialization made it possible to create wealth faster than it could be stolen. The prototypical rich person shifted from being a courtier to an industrialist.

3. **Impact on Society**:
   - **Creation of Wealth**: Generally has a positive impact on society. It can lead to job creation, innovation, and overall economic growth. Wealth creation can improve living standards and contribute to a more prosperous society.
   - **Accumulation through Corruption**: Has a negative impact on society. It can lead to economic inequality, undermine trust in institutions, and divert resources away from more productive uses. Corruption can stifle economic growth and development.

4. **Perception and Legitimacy**:
   - **Creation of Wealth**: Is often viewed positively, as it is associated with hard work, innovation, and contributing to society’s well-being.
   - **Accumulation through Corruption**: Is viewed negatively, as it is associated with unfairness, exploitation, and a lack of contribution to the common good.

In summary, the creation of wealth through productive means has historically transitioned to become more favorable and socially beneficial compared to the accumulation of wealth through corrupt means, especially following the Industrial Revolution. This shift reflects changes in societal values, economic practices, and the understanding of wealth itself.",[],4.0
What is the main constraint on the number of new startups in the US?,The main constraint on the number of new startups in the US is the immigration policy that doesn't allow potential startup founders to enter the country.,"The main constraint on the number of new startups in the US, as discussed in the essays, is not economic factors, market saturation, or the availability of investment, but rather the pool of potential founders. The essays argue that the limiting factor is essentially the number of people who have the qualities necessary to be good founders. Specifically, being ""relentlessly resourceful"" is highlighted as a key trait for individuals considering whether they are suited to start a startup. This suggests that the capacity for innovation and the creation of new companies is more closely tied to the characteristics and availability of individuals willing and able to undertake such ventures, rather than external economic or market limitations.",[],2.0
How could the government identify whether a company qualifies as a startup for the purposes of a founder visa?,The government could use investment by recognized startup investors as a benchmark to determine whether a company is a real startup.,"The government could identify whether a company qualifies as a startup for the purposes of a founder visa by using investment from recognized startup investors as a test. This approach is similar to how the government decides what counts as a university for student visas, by establishing its own accreditation procedure. The startup community, being well-connected, knows who the reputable investors are, suggesting that a startup's legitimacy and potential could be partly validated through their investment decisions.",[],5.0
How might allowing more startup founders into a country affect domestic employment?,It would likely lead to an increase in jobs because the companies started by these founders would hire more employees as they grow.,"Allowing more startup founders into a country could positively affect domestic employment in several ways:

1. **Creation of New Companies**: By allowing 10,000 startup founders into the country each year, assuming an overestimate of 4 people per startup, this could result in the creation of 2,500 new companies annually. 

2. **Job Creation**: These new startups would not only provide employment for their founders but also create additional jobs for locals as the companies grow and expand. The startups would be required to hire employees, leading to more job opportunities for Americans.

3. **Economic Growth**: The influx of startups has the potential to stimulate economic growth. While not all startups would grow as large as major corporations like Google, a significant number could become successful, contributing to the economy.

4. **Innovation and Competition**: Startups often bring innovative products and services to the market. This innovation can lead to increased competition, which can improve product quality and reduce prices for consumers.

5. **Attracting Talent**: The presence of a vibrant startup ecosystem can attract talented individuals from various fields, contributing further to economic growth and innovation.

6. **Market Decisions on Startup Definition**: The market would play a crucial role in defining what constitutes a startup, with startup investors working hard to identify and invest in the most promising startups. This market-driven approach ensures that only viable and potentially successful startups contribute to the economy.

In summary, allowing more startup founders into a country could lead to the creation of new companies, generate employment opportunities, stimulate economic growth, foster innovation, and attract talented individuals to the workforce.",[],5.0
Why are smaller organizations less concerned with credentials compared to larger ones?,"In smaller organizations, actual performance is more critical and visible, as the company's survival depends on it, hence they focus less on credentials and more on what individuals can actually do.","Smaller organizations are less concerned with credentials compared to larger ones for several reasons, as highlighted in the context:

1. **Performance Over Credentials**: In the world of small companies, what matters most is an individual's performance rather than their educational background or credentials. Small organizations prioritize the ability to perform and contribute effectively over formal qualifications.

2. **Direct Market Rewards**: Small organizations, especially startups, operate in a way that allows individuals to be rewarded directly by the market for their performance. This contrasts with the traditional corporate ladder in large organizations, where credentials might play a significant role in climbing to the top.

3. **Rapid Development and Innovation**: Small organizations can develop new ideas faster than large ones. In an environment where new ideas and the ability to innovate are highly valued, the emphasis shifts from credentials to actual performance and contribution to innovation.

4. **Cultural Shifts**: There has been a cultural shift towards valuing direct measurement of performance over traditional credentials. This shift is more pronounced in smaller organizations that are part of a more dynamic and rapidly changing market environment.

5. **Market Dynamics**: The market dynamics favor smaller, more agile organizations that can adapt quickly. In such an environment, the ability to perform and adapt is more critical than having a specific educational background.

6. **Decreased Emphasis on Credentials**: As society moves towards an economy made of more, smaller units, there's a natural trend towards measuring what credentials merely predict, thus making them matter less.

In summary, smaller organizations focus more on what an individual can do and how they can contribute to the organization's success, rather than on formal credentials. This approach is driven by the need for agility, innovation, and direct market responsiveness.",[],5.0
What should students focus on in college to become proficient hackers?,"Students should focus on getting very good at programming and learning a lot about specific, cool problems.","To become proficient hackers, students should focus on two main areas during their college education:

1. **Becoming very good at programming**: This involves working a lot on hard problems. The proficiency in programming comes from tackling challenging issues, which pushes the boundaries of one's understanding and skills.

2. **Learning about specific, cool problems**: Engaging deeply with specific problems not only builds expertise in those areas but also drives the interest to improve programming skills. This is because solving interesting and cool problems often requires a high level of programming proficiency.

These two areas are interconnected, as becoming good at programming naturally leads to an interest in solving more complex and specific problems, and vice versa. Engaging in very engaging projects, especially those that are not class assignments, is a practical way to work on hard problems and learn a lot. This hands-on experience is crucial for developing the skills and mindset needed to become a good hacker.",[],5.0
What criteria can indicate whether a college professor's research is worth engaging with as a student?,"A professor's research may be worth engaging with if it covers interesting problems and is not simply aimed at achieving novel results in less competitive, thus less significant, areas.","Engaging with a college professor's research can be a significant part of a student's academic journey. Based on the context provided, here are criteria that can indicate whether a professor's research is worth engaging with:

1. **Interest in the Topic**: The most fundamental criterion is whether you're genuinely interested in the topic of the professor's research. Professors are impressed by students who show genuine interest in their research topics, not just those looking to impress for grades or future opportunities.

2. **Professor's Reputation**: While not all smart professors work on interesting stuff, the smartest people around you are often professors. Their reputation, both in terms of their academic contributions and how they mentor students, can be a good indicator.

3. **Novelty and Impact of Research**: Professors have to publish novel results to advance their careers. However, there is more competition in more interesting areas. Research that pushes boundaries or has a significant impact on its field might offer more valuable learning experiences.

4. **Overlap with Your Interests and Projects**: If you're working on similar projects of your own, engaging with a professor whose research aligns with yours can be particularly beneficial. This alignment can provide a more in-depth understanding and potentially lead to meaningful contributions.

5. **Opportunity for Hands-On Experience**: Look for research opportunities that offer the chance to solve practical problems, especially those that might seem tedious but are crucial for the research's success. Professors value students who can contribute to a net decrease in their workload.

6. **Avoiding ""Flakes and Resume Padders""**: Ensure your interest in the research is genuine and not just an attempt to pad your resume. Professors seek students who are reliable and genuinely interested in contributing to the research.

7. **Rejection is Not Personal**: If a professor is not interested in having you join their research, remember that rejection is almost always less personal than it seems. It's important to move on and explore other opportunities.

8. **Compatibility with Academic Goals**: If your goal is to pursue further academic opportunities, such as a PhD, engaging in research that aligns with your academic goals and interests can be particularly beneficial.

In summary, the worthiness of engaging with a professor's research as a student can be determined by your genuine interest in the topic, the professor's reputation and the novelty of their research, the alignment with your own interests and projects, and the potential for hands-on experience that contributes meaningfully to the research.",[],4.0
What is one reason why startups should release their products early?,To get user feedback and improve based on their reactions.,"One reason why startups should release their products early is to get feedback from users, which can be invaluable for making improvements. For instance, Wufoo released their form-builder before the underlying database was complete, allowing them to gather feedback from users early on. This early release strategy led to discovering that Linux users were unhappy with the use of Flash, prompting Wufoo to rewrite their software to accommodate those users. This example illustrates how releasing a product early can uncover issues that might not have been identified until much later, providing an opportunity for timely adjustments that better meet user needs.",[],5.0
How can a startup demonstrate the value of their site to new visitors?,A startup should succinctly explain what their site is about and try to showcase impressive elements on the front page.,"To demonstrate the value of their site to new visitors, a startup can employ several strategies as outlined in the context:

1. **Clear Explanation**: Startups should be able to explain in one or two sentences exactly what they do. This clarity helps new visitors understand the purpose and value of the site immediately upon their arrival.

2. **Show, Don't Tell**: Adopting the principle of ""show, don't tell"" from fiction writing, startups should aim to show visitors what their site is about rather than just telling them. This could involve demonstrating the site's functionality or showcasing its benefits directly on the front page.

3. **Impressive Front Page**: If the startup has something impressive, it should try to put it on the front page. This is because the front page is likely the only one most visitors will see, and showcasing impressive features or benefits here can encourage further exploration.

4. **Use of Specific Numbers**: Sharing specific, impressive numbers related to the startup's achievements or benefits can make the site more memorable and convincing to new visitors. However, it's advised to limit the numbers to a few key ones that are specific to the startup.

5. **Conversion Focus**: The site should aim to convert casual visitors into users by clearly demonstrating its value and how it addresses the needs or problems of its target audience. The growth rate of the site can serve as an indicator of its success in engaging and converting visitors.

6. **Tell Stories About Users**: Sharing stories about how real users benefit from the site can help new visitors see the practical value and potential impact on their own lives or businesses.

By implementing these strategies, startups can effectively communicate the value of their site to new visitors, encouraging them to explore further and potentially convert into regular users.",[],5.0
How does a wealth tax differ from income tax in terms of its application to assets or income?,"A wealth tax is applied to the same asset repeatedly over time, while income tax is only applied to the income of that particular year.","A wealth tax and an income tax apply to different bases of a person's financial resources, impacting them in distinct ways:

- **Wealth Tax:**
  - **Applied to:** The total value of an individual's assets.
  - **Frequency:** It is applied repeatedly to the same assets over time, not just once.
  - **Effect:** A wealth tax compounds, meaning if you live for 60 years after acquiring an asset, that asset could be taxed 60 times if a wealth tax is in place.
  - **Example:** If there's a 2% wealth tax with a $50 million threshold, it could take about two-thirds of a successful founder's stock over time.

- **Income Tax:**
  - **Applied to:** The money an individual earns within a specific period, such as a year.
  - **Frequency:** It occurs annually but only applies to the income made in that year.
  - **Effect:** Income tax does not compound in the same way as a wealth tax because it is only applied to the income of the current year, not to the total wealth or assets accumulated over years.

In essence, a wealth tax targets the accumulated wealth or assets a person holds, taxing them repeatedly over time, while an income tax targets the income earned within a specific timeframe, taxing it once. This fundamental difference means that a wealth tax can have a more dramatic and compounding effect on an individual's assets compared to an income tax.",[],5.0
What are the three types of procrastination?,"The three types of procrastination are working on (a) nothing, (b) something less important, or (c) something more important.","The three types of procrastination, as described in the context, are based on what one does instead of working on something. They are:

1. **Working on nothing**: This is when one chooses not to engage in any productive activity.
2. **Working on something less important**: This involves choosing tasks of lower priority or significance over more critical ones.
3. **Working on something more important**: This type is considered good procrastination. It involves prioritizing work that has significant value or impact over tasks that are less important. This is exemplified by the ""absent-minded professor"" who may neglect daily chores or routines because they are deeply engrossed in more substantial, thought-provoking work.",[],5.0
How can the practice of working only on urgent small tasks be misleading in terms of productivity?,"Concentrating on small, urgent tasks might feel like productivity, but it can be misleading if it keeps one from engaging with more significant or impactful work.","The practice of working only on urgent small tasks can be misleading in terms of productivity for several reasons, as highlighted in the context:

1. **Misplaced Focus on Immediate Completion**: Focusing solely on small, urgent tasks can create a false sense of productivity because it prioritizes immediate completion over the importance or impact of the task. This approach can lead to a cycle of constantly putting out fires rather than advancing on significant projects that require more time and effort but yield greater rewards.

2. **Neglect of Big-Picture Goals**: By concentrating on urgent small tasks, there's a risk of neglecting long-term goals and projects that are crucial for substantial progress and innovation. These larger projects often require uninterrupted stretches of time and deep focus, which are compromised when the focus is scattered across numerous small tasks.

3. **Interruption of Deep Work**: The context suggests that real work, as opposed to errands or small tasks, needs large chunks of time and the right mood. Constantly switching to small, urgent tasks can interrupt periods of deep work, making it difficult to engage in tasks that require significant thought and creativity.

4. **False Efficiency**: Completing a large number of small tasks can create a sense of efficiency, but this may not translate to effectiveness. Efficiency without effectiveness can lead to doing many things well but not the right things that actually move a project or goal forward.

5. **Quality of Work**: The rush to complete urgent small tasks can compromise the quality of work. When the focus is on speed and immediacy, there may not be enough time dedicated to thinking through problems deeply, leading to solutions that are quick rather than optimal.

6. **Burnout and Dissatisfaction**: This approach can lead to burnout, as it often means constantly working under pressure and stress. Over time, this can lead to dissatisfaction, as the meaningful, fulfilling work that contributes to personal and professional growth is sidelined.

In summary, while completing urgent small tasks can provide immediate gratification and a sense of accomplishment, it can be misleading in terms of overall productivity and progress. It's important to balance the urgent with the important, allowing time for work that is significant, even if it doesn't offer the quick satisfaction of checking off a to-do list.",[],5.0
What is an example of a mistake that startup founders might make when choosing an idea for their business?,"Founders may hastily choose the first idea that comes to mind without thoroughly considering if it's something that people actually need or will pay for, resulting in a poor business idea.","An example of a mistake that startup founders might make when choosing an idea for their business is solving problems no one has. This mistake is highlighted through the personal experience shared in the context, where a company was started to put art galleries online without recognizing that galleries did not want or need to be online. This example underscores the importance of focusing on real, existing problems that need solutions, rather than assuming a need or problem exists.",[],4.0
What industries do Los Angeles and New York specialize in according to Paul Graham?,"Los Angeles specializes in movies, and New York specializes in finance.","According to Paul Graham, Los Angeles specializes in movies, while New York specializes in finance.",[],5.0
What factors contributed to Silicon Valley and Seattle becoming major tech centers?,"Silicon Valley became a tech center because William Shockley wanted to move back to Palo Alto and the experts he lured west liked it so much they stayed, while Seattle became a tech center because Gates and Allen wanted to move back home.","Silicon Valley and Seattle became major tech centers due to a combination of historical, geographical, and social factors, as highlighted in the context:

### Silicon Valley:
- **Historical Roots**: The origin of Silicon Valley can be traced back to William Shockley, who wanted to move back to Palo Alto, where he grew up. He lured experts west to work with him, and they liked it so much they stayed.
- **Investor Presence**: Silicon Valley has more and bolder investors compared to other regions like Boston. This abundance of willing investors has made it a fertile ground for startups.
- **Intellectual Capital**: It is considered the intellectual capital of the US and probably the world, attracting a high concentration of talent and innovation.
- **Startup Ecosystem**: The area has a rich history of successful startups, creating a self-sustaining ecosystem that attracts more entrepreneurs and startups.

### Seattle:
- **Founders' Preference**: Much like Silicon Valley, Seattle's position as a tech center is partly due to personal choices of its founders. Bill Gates and Paul Allen wanted to move back home, which contributed to the city's rise as a tech hub.
- **University Influence**: The presence of top universities, such as the University of Washington, has contributed to a high-tech community in Seattle by providing a steady stream of talent and research innovation.

Both regions have benefited from a combination of visionary individuals, a supportive investment climate, and institutions that foster innovation and education. These factors, combined with each area's unique appeal, have helped Silicon Valley and Seattle become synonymous with technological advancement and entrepreneurship.",[],5.0
Why do startups not spread as quickly and widely as industrialization did historically?,"Startups do not spread as efficiently because they are more of a social phenomenon and don't rely on geography, needing a community of expertise, unlike how individual European manufacturers could import industrial techniques and they would work fine.","Startups have not spread as quickly and widely as industrialization did historically for several reasons:

1. **Social Disruptiveness**: Startups are socially disruptive, challenging the principle that bigger is better, unlike the Industrial Revolution which dovetailed with existing large organizations like the military and civil service. This disruptiveness makes it harder for startups to be assimilated into societies that value hierarchy and stability.

2. **Geographical Independence**: Industrialization was tied to geography, with the locations of mines and factories determined by natural resources and features like rivers and harbors. Startups, on the other hand, are more a social than a technical phenomenon and are not tied to geography, making their spread less about overcoming physical barriers and more about cultural and social acceptance.

3. **Community of Expertise**: The spread of startups requires a community of expertise, similar to the movie business. This means that for startups to flourish, there needs to be a concentration of knowledge and skills, which doesn't spread as easily as industrial techniques.

4. **Lack of Market Need for Localization**: Unlike railroads or electric power grids, which every region needed, there's no inherent need for a localized version of a startup like there would be for infrastructure, making the spread of startups less driven by market demands.

5. **Government Policy and Economic Incentives**: While governments may want to encourage local startups, government policy alone cannot create a startup culture. The incentive structure and economic conditions that favor startups, such as the ability for individuals to accumulate and enjoy wealth without it being confiscated, play a crucial role.

6. **Cultural and Social Factors**: Startups thrive in environments that are open to new ideas and where failure is seen as a learning opportunity rather than a disgrace. Societies that value stability and have rigid hierarchies may find it challenging to adopt the startup model.

These factors combined explain why the spread of startups has been slower and less widespread compared to the rapid and broad spread of industrialization in its time.",[],4.0
What prompted some readers to want to understand the specific technical advantages of using Lisp in Viaweb?,"A link to ""Beating the Averages"" being posted on Slashdot incited readers' curiosity.","The interest in understanding the specific technical advantages of using Lisp in Viaweb was prompted after a link to ""Beating the Averages"" was posted on Slashdot. This led to some readers expressing their desire to hear more details about how Lisp contributed to Viaweb's success.",[],5.0
In what month and year was the talk regarding Lisp for web-based applications given?,The talk was given in April 2001.,The talk regarding Lisp for web-based applications was given in April 2001.,[],5.0
What is meant by the concept of 'alien truth'?,"'Alien truth' refers to the most general truths that humans could share with any form of intelligent life, going beyond the realms of math or physics.","The concept of ""alien truth"" refers to the idea of seeking truths or principles that would not only be applicable to humans but also to other forms of intelligent life, such as aliens. This concept suggests that there are certain universal truths that transcend the specifics of human experience and would be shared across different forms of intelligent life. The pursuit of alien truth is about identifying these general truths, which are likely to include fundamental principles that are not specific to human culture or biology. Examples given include the principles of justice, the value of controlled experiments, the benefit of practice in improving skills, and the application of Occam's razor. The notion of alien truth is likened to Erdos's idea of ""God's book,"" where a sufficiently good proof or truth is seen as being discovered rather than invented and would be universally recognized for its validity. This pursuit is proposed as a central or defining task of philosophy, aiming to discover truths that would be acknowledged not just by humans but by any form of intelligent life.",[],5.0
"What do people generally refer to when they talk about ""ramen profitability"" in the context of startups?",Ramen profitability refers to a startup being able to make enough money to cover the founders' basic living expenses if they live frugally on ramen noodles.,"""Ramen profitability"" refers to a specific financial state of a startup where it makes just enough revenue to cover the living expenses of its founders. This concept is distinct from traditional notions of profitability, which often involve significant revenue and profit margins. The term ""ramen"" is used metaphorically, drawing from the image of startup founders living frugally, possibly on inexpensive food like instant ramen noodles, to keep their personal and business expenses low. The key aspects of ramen profitability include:

- **Minimal Revenue Requirements:** The revenue a startup generates is only enough to cover the basic living expenses of the founders, without requiring additional funds to sustain operations.
- **Founder Sustenance:** It emphasizes the ability of the founders to sustain themselves financially through the startup's earnings, even if those earnings are minimal.
- **Independence from Investors:** Achieving ramen profitability means a startup can operate without immediate need for external funding, granting the founders more control and flexibility.
- **A Milestone, Not the Destination:** It's considered an early milestone for startups, signifying survival and the potential for future growth, rather than an end goal.

This concept is particularly relevant in the context of startups that have low initial operating costs, allowing them to reach this state of minimal profitability relatively quickly. It's seen as a positive indicator of a startup's potential for sustainability and growth.",[],5.0
What was Airbnb's monthly financial goal to achieve ramen profitability during their time at Y Combinator?,Airbnb's financial goal for ramen profitability was to earn $4000 a month.,Airbnb's monthly financial goal to achieve ramen profitability during their time at Y Combinator was $4000 a month. This amount was broken down into $3500 for rent and $500 for food.,[],5.0
What was the fundamental economic issue that made Yahoo's valuations during the Internet Bubble period seem unreasonable?,"Yahoo's valuation was inflated due to its role at the center of a Ponzi-like scheme, where capital investment in startups was rapidly funneled back into Yahoo as advertising, artificially inflating its earnings.","The fundamental economic issue that made Yahoo's valuations during the Internet Bubble period seem unreasonable was rooted in a combination of inflated expectations, reliance on a non-sustainable revenue model, and the nature of the investments and earnings within the tech sector at the time. Here are the key points that highlight the economic issues:

1. **Inflated Expectations and Valuations**: The Internet Bubble was characterized by extremely high expectations for the growth and profitability of internet companies. This led to inflated valuations that were not supported by the underlying fundamentals of the businesses. For example, at one point during the Bubble, the calculated valuation of Yahoo was around $200 per share, but a more reasonable valuation, based on a critical assessment, was only $12 per share.

2. **Ponzi Scheme-like Revenue Model**: Yahoo's earnings and the perceived profitability of the internet sector were significantly bolstered by what was effectively a Ponzi scheme. New startups, upon receiving investment, would spend a substantial portion of this capital on advertising with Yahoo. This spending would then be reflected in Yahoo's earnings, encouraging further investments in the sector. This cycle artificially inflated Yahoo's earnings and contributed to the unreasonable valuations.

3. **Dependence on Unsustainable Revenue Sources**: Yahoo's revenue was heavily dependent on banner ads, with advertisers paying high prices based on comparisons to print media, despite these ads being overvalued in terms of their effectiveness. Additionally, a significant portion of Yahoo's revenue came from other internet startups, which was a dangerous and unsustainable source as it relied on the continuous inflow of investment into the sector.

4. **Market Dynamics and External Pressures**: The push towards IPOs by venture capitalists, who had invested at high valuations, and the subsequent pressure on companies to go public or face bust, exacerbated the economic unsustainability. This environment created a scenario where the only exit for many investors and companies was through an IPO, followed by an inevitable bust as the unsustainable nature of the valuations and business models became apparent.

In summary, the fundamental economic issue was the disconnection between Yahoo's (and similar companies') valuations and their actual business fundamentals, driven by inflated expectations, a revenue model akin to a Ponzi scheme, reliance on unsustainable revenue sources, and the broader market dynamics of the Internet Bubble period.",[],4.0
"What is the concept of ""retail VC"" as it relates to public markets and startups?",Retail VC is the idea of taking a company public in its early stages to raise funds from the public markets instead of seeking venture capital firms for the last round of funding.,"The concept of ""retail VC"" refers to the practice of taking a company public at an early stage, essentially allowing the public markets to serve as a source of venture capital. Instead of a startup seeking the last round of funding from venture capital firms, it goes to the public markets. This approach became particularly notable after the excesses of the Bubble period, when it became dubious to take companies public before they had earnings. Companies going public with no earnings were often derided as ""concept stocks,"" implying a skepticism towards investing in them without proven profitability. However, the idea behind ""retail VC"" challenges this skepticism by suggesting there is nothing intrinsically wrong with public investors funding early-stage companies, similar to how venture capitalists would.",[],5.0
What is considered the most important quality in startup founders?,Determination is considered the most important quality in startup founders.,"The most important quality in startup founders, as highlighted in the context, is determination. This quality has turned out to be more crucial than initially thought by Y Combinator at its inception, where intelligence was presumed to be the top quality. Determination in founders is emphasized as the key attribute for the success of startups.",[],5.0
Why is flexibility important for those leading a startup?,Flexibility is crucial because the unpredictable nature of startups requires leaders to modify their approaches and ideas as conditions change.,"Flexibility is crucial for those leading a startup for several reasons, as highlighted in the context:

1. **Unpredictable Nature of Startups**: The world of startups is highly unpredictable. Founders need to be able to adapt to changing circumstances, pivot their business model if necessary, and respond to unforeseen challenges and opportunities. Flexibility allows them to navigate through the uncertainties that are inherent in the startup ecosystem.

2. **Dealing with Obstacles**: Startups often face numerous obstacles, from product development challenges to difficulties in securing deals with other companies. A flexible mindset enables founders to find creative solutions to these problems, rather than being deterred by them.

3. **Persistence and Determination**: While determination is essential, the context emphasizes that it should not be the kind of determination that blindly adheres to a single path. Instead, successful founders are those who are determined yet flexible, able to persevere through difficulties while also being willing to adjust their strategies as needed.

4. **Improvisation and Adaptability**: Just like a successful running back in football doesn't just try to run through obstacles but improvises and finds new paths, startup founders need to be able to pivot and adapt quickly. This might involve changing the product, targeting a different market segment, or even overhauling the business model based on feedback and circumstances.

In summary, flexibility is important for those leading a startup because it enables them to adapt to the unpredictable nature of the startup world, overcome obstacles creatively, and pivot their strategies as necessary to find the path to success.",[],5.0
What type of intelligence is particularly valuable in the startup world?,"Imagination is the type of intelligence that is most valuable, as it allows for the creation of surprising new ideas which may initially seem unconventional.","In the startup world, a particular type of intelligence that is highly valuable is the ability to understand and solve the immediate and mundane problems with a level of brain power that could otherwise be applied to more complex, theoretical, or research-oriented tasks. This involves applying brilliant minds to work that might seem beneath their capabilities, such as designing user interfaces that don't confuse users or addressing petty but profitable questions. This approach allows startups to create wealth very rapidly by leveraging the exceptional problem-solving skills of individuals who are capable of complex thought but are focused on practical, immediate challenges. Essentially, startups benefit from having individuals who could be conducting high-level research instead work on solving direct, often simpler problems that have immediate commercial potential.",[],2.0
"What is the benefit of making it to ""ramen profitability"" before actively seeking investors for a startup?","Achieving ""ramen profitability"" strengthens a startup's position by showing it can succeed regardless of external funding, which makes the company more attractive to investors and reduces the appearance of desperation.","Reaching ""ramen profitability"" offers several benefits for startups before they actively seek investors:

1. **Reduces Immediate Need for External Funding**: Once a startup is ramen profitable, it means the company makes just enough to cover the founders' living expenses. This reduces the immediate need for external funding, allowing the startup more time to focus on growth and product development rather than securing the next round of investment.

2. **Improves Negotiation Position with Investors**: Being ramen profitable demonstrates to investors that the startup has a viable business model that can generate revenue. This can improve the startup's negotiation position, potentially leading to better terms in any funding agreement because the company isn't in a desperate position for cash.

3. **Attracts Interest from Investors**: Startups that are ramen profitable are more attractive to investors for several reasons:
   - It shows that the startup can get at least someone to pay for its product or service.
   - It indicates that the founders are serious about building something people want and are disciplined enough to keep expenses low.
   - It reassures investors that the startup has addressed some of their biggest concerns, such as the ability to generate revenue and manage finances effectively.

4. **Provides Validation of the Business Model**: Achieving ramen profitability is a form of validation for the startup's business model. It proves that there is a market demand for the product or service and that the company has the potential to be sustainable.

5. **Increases Morale and Confidence**: Reaching this milestone can significantly boost the morale of the team. It transitions the startup from a theoretical concept to a real business that generates revenue, making the future seem more promising.

6. **Reduces Dependence on Investors**: By being ramen profitable, a startup is not solely dependent on investors for survival. This independence can be empowering and allows the founders to make decisions that are in the best interest of the company rather than being influenced by the need to secure the next round of funding.

In summary, ramen profitability is a crucial threshold for startups, providing them with more control over their future, improving their standing with potential investors, and validating their business model.",[],5.0
What are the two senses in which work can be considered one's own?,"Work can be considered one's own if it is being done voluntarily rather than because someone told you to do it, and if it is being done by oneself.","The two senses in which work can be considered one's own, as described in the context, are:

1. **Doing it voluntarily, rather than merely because someone told you to**: This sense emphasizes the importance of personal choice and motivation in the work one undertakes. It's about engaging in work that you have chosen for yourself, which aligns with your interests and passions, rather than work that has been assigned or mandated by others.

2. **Doing it by yourself**: This aspect focuses on the individual effort and ownership over the work. It highlights the value of working independently, though it also acknowledges that this sense of ownership can gradually blend into collaboration. This can happen in two ways: sharing a single project with others or working on separate but complementary projects that fit together like a jigsaw puzzle.

These perspectives offer a nuanced understanding of what it means for work to be genuinely one's own, encompassing both the motivation behind the work and the manner in which it is executed.",[],5.0
What is one attribute that has contributed to investor Ron Conway's success in the startup world?,"Being genuinely good has contributed to Ron Conway's success, as it has led to numerous deal referrals.","One attribute that has contributed to investor Ron Conway's success in the startup world is his accidental discovery of the importance of being upstanding in startup investing. He realized that in a sufficiently connected and unpredictable world, one cannot seem good without being good, highlighting the significance of genuine goodness in the rapidly changing startup environment. This realization came about not through foresight of the future of startup investing but rather as an accidental discovery, which then became a key aspect of his success as an investor.",[],5.0
How has increased transparency in the startup world affected investor behavior?,"Increased transparency makes it difficult for investors to maltreat founders without it becoming known to others, which can lead to the loss of potential deals.","Increased transparency in the startup world has significantly influenced investor behavior in several ways:

1. **Shift in Power Dynamics**: The balance of power has shifted more towards founders. Previously, starting a startup often required substantial capital, such as building a factory, which made founders heavily dependent on investors. Now, due to the decreased cost of starting a startup, founders need investors less than investors need founders. This shift has empowered founders, giving them more leverage in negotiations.

2. **Increased Valuations**: With founders having more leverage and the increasing amount of venture capital available, startup valuations have risen. This is partly because it's now cheaper to start a startup, which means more people are doing it and those who do can raise money on better terms.

3. **More Good Startups**: Despite investors getting less stock and less control in individual startups, the total amount of desirable startup stock available to investors is likely to increase. This is because the number of desirable startups is expected to grow faster than the percentage of equity they sell to investors decreases. This growth is not limited by technology development rates but by the number of sufficiently good founders starting companies.

4. **Change in Investment Strategies**: Investors are increasingly required to predict which startups will succeed, a task they traditionally disliked. This change may lead to a shift in the investor landscape, where those who understand startups well enough to take on the challenge of predicting their trajectory will displace those whose skills lie more in raising funds from limited partners (LPs).

5. **Speed of Fundraising**: The length of time fundraising takes is a significant concern for founders. Increased transparency and competition among investors can potentially speed up the investment process, as investors who are known for making quick decisions or offering favorable terms become more attractive to founders.

In summary, increased transparency has led to a more founder-friendly environment, higher valuations, and a potential increase in the quality and quantity of startups. It has also forced investors to adapt their strategies, focusing more on understanding startups and making quicker investment decisions.",[],4.0
Why might unpredictable conditions in an industry necessitate consistent good behavior from its professionals?,"Unpredictability in an industry increases the difficulty of being inconsistent because you never know who will become important, therefore to be safe, you need to treat everyone well.","Unpredictable conditions in an industry necessitate consistent good behavior from its professionals for several reasons, as highlighted in the context of the startup world:

1. **Rapid Changes**: In industries where things change rapidly, it's difficult to predict who will become important in the future. The ""random college kid"" you meet today could be the CEO of a leading company tomorrow. This unpredictability makes it essential to treat everyone with respect and kindness, as you can't be sure who will rise to prominence.

2. **Maintaining a Good Reputation**: In a connected world, your reputation precedes you. Being consistently good and nice to everyone helps in building a positive reputation. Since information spreads quickly, any negative behavior can also spread rapidly and damage your reputation, potentially closing doors to future opportunities.

3. **Genuine Goodness as a Strategy**: The essay suggests that probably only genuinely good people can manage to be nice to everyone in a sufficiently connected and unpredictable world. This implies that in such environments, trying to appear good without actually being good is unsustainable. Therefore, genuine goodness becomes not just a moral choice but a strategic one as well.

4. **Long-term Relationships**: In unpredictable industries, long-term relationships are crucial. Consistently good behavior fosters trust and builds strong relationships that can be beneficial in the long run, especially when the industry landscape shifts.

5. **Reduced Complexity in Behavior**: Trying to be two-faced or calculating about whom to treat well can be exhausting and complex, especially when the future is uncertain. Consistent good behavior simplifies interactions and reduces the cognitive load of having to decide how to act with each person.

In summary, unpredictable conditions in an industry necessitate consistent good behavior because it's a practical strategy for navigating uncertainty, building a positive reputation, fostering long-term relationships, and reducing the complexity of social interactions.",[],5.0
What was the primary reason Jerry Yang from Yahoo was uninterested in the Revenue Loop technology?,Jerry Yang was uninterested because advertisers were already overpaying for traffic.,"The primary reason Jerry Yang from Yahoo was uninterested in the Revenue Loop technology was because, at the time, advertisers were already overpaying enormously for ads on websites. Yahoo's revenues would have decreased if advertisers paid the maximum that traffic was worth to them, which made the Revenue Loop's efficiency in extracting the maximum value from search traffic less appealing to Yahoo. This situation was reflective of the broader context in which Yahoo operated, focusing more on selling banner ads and benefiting from the high rates advertisers were willing to pay, rather than optimizing search results for maximum revenue through technologies like Revenue Loop.",[],5.0
Why was it hard for Yahoo to take search seriously as a business model?,Yahoo found it difficult to focus on search because they were preoccupied with the substantial income they were receiving from banner ads.,"Yahoo found it challenging to take search seriously as a business model due to several factors:

1. **Financial Success with Banner Ads**: Yahoo was generating significant revenue from banner ads. This financial success made it difficult for them to see the potential in search as a serious business model. The influx of money from customers paying for banner ads created a situation where search was not prioritized.

2. **Ambivalence About Being a Technology Company**: Yahoo was ambivalent about its identity as a technology company. They insisted on calling themselves a ""media company,"" which influenced their strategic decisions and focus. This identity crisis contributed to their difficulty in recognizing the importance of search technology.

3. **Fear of Microsoft**: During the mid-1990s, there was a prevalent fear of Microsoft within Yahoo. The concern was that if Yahoo positioned itself too much as a technology company, it might become a target for Microsoft, which had a reputation for crushing competitors. This fear contributed to Yahoo's reluctance to fully embrace search as a core part of their business model.

4. **Misunderstanding the Value of Search**: Yahoo underestimated the value of search. They viewed search as only a small percentage of their page views and believed that as a ""media company"" or ""portal,"" search could be neglected without significant consequences. This misunderstanding of search's importance and potential for revenue generation further hindered their ability to take it seriously as a business model.

These factors combined to create an environment where Yahoo was unable to fully recognize or capitalize on the potential of search as a foundational element of their business model, especially in comparison to how Google approached and valued search technology.",[],4.0
What is the supposed advantage for a company to write its software in a less common programming language like Python according to Paul Graham?,"The advantage is that the company can hire better programmers, because such a language attracts those who are passionate enough about programming to learn it on their own.","According to Paul Graham, the supposed advantage for a company to write its software in a less common programming language like Python includes the ability to hire better programmers. This is because such a choice attracts only those programmers who cared enough to learn the language, indicating a higher level of interest and dedication. This phenomenon, referred to as the Python Paradox, suggests that the language to learn, if one wants to get a good job, is a language that people don't learn merely to get a job. This approach has been recognized by only a few companies, but notably, they are exactly the companies that programmers would most like to work for, such as Google. Google, for instance, when advertising Java programming jobs, also seeks Python experience. This strategy is based on the belief that the quality of the programmers is more important than the programming language chosen, as good hackers prefer Python to Java, which is seen as an indicator of the relative merits of those languages.",[],5.0
What should be the perceived improvement in a startup's average outcome for an investment to be considered beneficial when giving up 7% equity?,The investment should be considered beneficial if it improves the startup's average outcome by more than 7.5%.,"For an investment to be considered beneficial when giving up 7% equity, the perceived improvement in the startup's average outcome should be more than 7.5%. This is based on the formula 1/(1 - n), where n is the fraction of the company being given up. In this case, n is 0.07 (or 7%), making the calculation 1/(1 - 0.07) = 1.075. Therefore, the deal is good if it improves the company's average outcome by more than 7.5%.",[],5.0
How much does Sequoia Capital typically invest in a company in terms of percentage?,Sequoia Capital typically invests about 30% in a company.,Sequoia Capital typically likes to take about 30% of a company when they invest alone.,[],5.0
What is a quality that successful scientists and investors share?,Successful scientists and investors both need to have ideas that are correct and novel.,"A quality that successful scientists and investors share, as inferred from the context, is the ability to judge or predict outcomes based on evidence and patterns. For scientists, this involves forming hypotheses and testing them against experiments and data. For investors, particularly those investing in startups, it involves assessing the potential of companies and founders based on their ideas, market potential, and evidence of success so far. Both fields require a keen sense of observation, the ability to make informed decisions with incomplete information, and a certain degree of risk tolerance, as both scientific experiments and startup investments can lead to uncertain outcomes.",[],4.0
What is the main reason startups are advised not to worry about infringing patents?,"Startups are too poor to be worth suing for money, and established competitors rarely sue them.","The main reason startups are advised not to worry about infringing patents, as outlined in the context, is that startups rarely get sued for patent infringement. This advice is based on a couple of key observations:

1. **Financial Viability for Lawsuits**: Startups are generally too poor to be worth suing for money. The potential financial gain from suing a startup does not usually justify the legal expenses involved in such lawsuits.

2. **Competitive Threat**: Startups do not seem to get sued much by competitors either. This is because:
   - Patent suits are an expensive distraction.
   - Other startups, being as young, likely do not have issued patents yet.
   - Established competitors, like Microsoft, historically have not pursued startups for patent infringement. Instead, they focus on strategies like locking competitors out of sales channels rather than engaging in lawsuits.

The context also suggests that the real threat of being sued for patent infringement increases significantly only when a startup grows large enough to be financially attractive to sue, such as going public. At that stage, they might attract the attention of patent trolls. However, at the early stages, the focus is recommended to be on innovation and growth rather than on worrying about patent infringement.",[],5.0
What are the two most important things to understand about startup investing?,The two most important things to understand are that almost all returns are concentrated in a few big winners and that the best ideas initially look like bad ideas.,"The two most important aspects to understand about startup investing, as highlighted in the context, are:

1. **The Importance of Making Something Good**: The most crucial aspect for a startup is to create something valuable and good. This is fundamental knowledge for startups and is considered the primary goal.

2. **Understanding How to Deal with Investors**: Teaching hackers (or startup founders) how to interact and deal with investors is deemed the second most important thing. This is crucial because many founders are not fully aware of the intricacies of the investment world, which can be quite secretive and complex.",[],1.0
Why is it difficult for investors to grasp the magnitude of success possible with startups?,"It is difficult because the big winners in startup investing can be big to a degree that violates our normal expectations about variation, leading to 1000x variation in outcomes, which most people are not prepared for.","The difficulty investors face in grasping the magnitude of success possible with startups stems from several factors highlighted in the essays:

1. **Binary Perception of Success**: Investors often treat the concept of ""big success"" as binary. They are primarily interested in startups that have a chance, however small, of being one of the few big successes each year. This binary view can obscure the nuanced potential of many startups.

2. **Fear of Missing Out vs. Fear of Investing in Failures**: Investors are caught between the fear of missing out on startups that could take off and the fear of investing in startups that fizzle. This fear is rooted in the fast growth nature of successful startups, making it challenging for investors to decide when to invest.

3. **Uncertainty and Fast Growth**: The very characteristic that makes startups attractive investments—their potential for fast growth—also makes it hard for investors to predict which startups will succeed. This uncertainty means investors can't easily wait around to see which startups will obviously succeed before deciding to invest.

4. **Misleading Signals**: Investors might be unclear in their own minds why they like or dislike startups, leading them to focus on reasons to invest or not to invest based on their initial impression of the founders rather than the startup's actual potential.

5. **Changing Dynamics**: The essay suggests that the dynamics of startup investing are changing, with investors increasingly unable to wait for startups to show significant traction before investing. This creates a deadlock situation where investors say they are interested but wait to see growth before actually investing.

6. **High Risk vs. High Reward**: The high-risk, high-reward nature of startups means that while the returns can be enormous, they are also incredibly risky. This risk-reward ratio is attractive but also difficult for investors to navigate, especially when trying to predict which startups will be the rare massive successes.

These factors combined make it challenging for investors to accurately grasp the magnitude of success possible with startups, leading to a cautious approach that often focuses on looking for evidence of success or potential for significant growth before committing to an investment.",[],4.0
What is the main reason for the increasing number of startups according to Paul Graham?,The main reason for the increasing number of startups is that it has become cheaper to start web startups.,"The increasing number of startups, according to Paul Graham, can be attributed to several key reasons:

- **Decreasing Cost of Starting a Startup**: Technology has significantly reduced the costs associated with building products and acquiring customers. This reduction in startup costs has changed the balance of power between founders and investors, making it easier for more people to start companies.

- **Availability of Venture Capital**: There's an increasing amount of venture capital available, which, combined with the need for investors to find promising startups, has driven up valuations and made it more feasible for individuals to launch their ventures.

- **Faster Growth of Newly Founded Companies**: Technology hasn't just made it cheaper to build and distribute products; it has also accelerated the growth rate of new companies. This rapid growth makes these companies more valuable and contributes to the increasing number of startups.

- **Shift in Corporate Structure**: The traditional, monolithic, hierarchical corporate structure is being replaced by networks of smaller companies. This structural shift is part of a broader trend that has been ongoing for decades, not only in Silicon Valley but across various industries, including the car industry.

- **Cultural and Normative Changes**: Starting a startup has become a more normal thing to do, partly because of the decreasing costs and partly because of a shift in societal norms and expectations around entrepreneurship.

These factors collectively contribute to the increasing number of startups, as they lower barriers to entry, make funding more accessible, and create a more favorable environment for new ventures to grow and succeed.",[],4.0
How might the attitude of big companies towards acquisitions change in the future?,Big companies might start to develop standardized procedures making acquisitions almost as simple as hiring someone.,"The attitude of big companies towards acquisitions might evolve in several ways in the future, as suggested by the insights from the context:

1. **Increased Emphasis on Early-Stage Startups**: Big companies might gradually learn to target earlier stage startups for acquisition. This shift could be driven by the realization that acquiring companies before venture capitalists inflate their value can be more cost-effective. The approach may involve a mix of investment and acquisition strategies, such as buying a portion of the company with an option to acquire the rest later.

2. **Integration of Recruiting and Product Development**: The process of buying startups is seen as a fusion of recruiting and product development. This integrated approach could become more efficient than handling these aspects separately, suggesting a future where acquisitions are not just about absorbing products but also talent.

3. **Admission of In-house Development Challenges**: There might be a growing acknowledgment among big companies that building their own solutions to compete with or replicate the innovations of startups could be more challenging than anticipated. This realization could lead to a more open attitude towards acquisitions as a viable alternative to in-house development.

4. **Role of Chief Acquisition Officers (CAO)**: The future could see the emergence of Chief Acquisition Officers within big companies, tasked with identifying promising startups for acquisition and facilitating the deals. This role would signify a strategic shift, making acquisitions a central part of a company's growth strategy rather than an ad-hoc solution.

5. **Cultural Shift in Perception**: The stigma associated with acquisitions, seen as an admission of failure or inadequacy in developing solutions in-house, might diminish. Companies like Google, which are recognized for their high-quality engineering teams yet actively pursue acquisitions, could serve as a model for others to follow, normalizing acquisitions as a strategic move.

6. **Financial and Strategic Accountability**: There might be a push towards accountability within companies for missed opportunities in acquisitions. The future could hold scenarios where individuals or teams within a company could face repercussions for not acquiring a startup at an earlier, more cost-effective stage.

These potential changes reflect a broader trend of big companies becoming more strategic, proactive, and integrated in their approach to acquisitions, recognizing them as essential to innovation, talent acquisition, and maintaining competitive advantage.",[],2.0
What change in founders' behavior might occur if it becomes more common to start a startup immediately after college?,Students may focus on collaborating with peers they want as cofounders instead of securing internships at established companies.,"If it becomes more common to start a startup immediately after college, several changes in founders' behavior might occur, based on the context provided:

1. **Loss of Excuse for Failing**: Founders might face a shift in how failure is perceived. Without the safety net of being a student, failure in a startup would be seen more directly as a personal or professional failure, rather than an educational experiment or a side project. This could lead to a more serious approach towards startups, with founders feeling a greater pressure to succeed.

2. **Shift in Motivation and Peer Perception**: The opinion of peers becomes a significant motivator. Knowing that they are now fully identified with their startup, founders might work with a heightened sense of responsibility and urgency. The desire to be seen as successful by their peers could drive founders to push harder in their endeavors.

3. **Increased Focus on Startup Success**: With the startup being their primary occupation post-graduation, founders might dedicate more time and resources to ensure the success of their venture. This could lead to a more focused and intensive effort compared to those who juggle startups with academic commitments.

4. **Professional Identity Formation**: Graduating and immediately starting a startup solidifies a founder's professional identity early on. This could lead to a stronger commitment to the entrepreneurial path, as opposed to exploring different career options.

5. **Networking and Collaboration Changes**: Founders might prioritize networking with potential co-founders, investors, and mentors more aggressively post-graduation, understanding the importance of these connections in the success of their startup.

6. **Learning and Adaptation**: Recognizing the real-world stakes, founders may adopt a more pragmatic approach to learning, seeking out practical skills and knowledge that directly benefit their startup, rather than academic achievements.

These behavioral changes stem from the transition to viewing the startup not as a side project or an extension of their student life, but as their main professional endeavor, with all the responsibilities and expectations that come with it.",[],1.0
